"Название баннера";"Использовать оригинал файла для вставки";Ссылка;"Открывать ссылку в новом окне";"Дополнительная информация";Публичный;"Вес от 1 до 100";Файл;Зоны
"Panasonic Toughbook";0;/product/Noutbuk-Panasonic-Toughbook-CFC1-AUAAZF9-Black/;0;;1;100;/modules/banners/config/demo/images/banner1.jpg;"Левая колонка"
HTC;0;/product/HTC-A6380-Gratia-White/;0;;1;100;/modules/banners/config/demo/images/banner2.jpg;"Левая колонка"
"Iphone 4";0;/product/Apple-iPhone-4/;0;;1;100;/modules/banners/config/demo/images/banner3.jpg;"Левая колонка"
"Новая коллекция";0;/catalog/novye-postupleniya/;0;;1;100;/modules/banners/config/demo/images/newcollection.jpg;"Молодежная - центр(1000x653)"
"Скидка 30% на все красное";0;;0;;1;100;/modules/banners/config/demo/images/redsale.jpg;"Молодежная - центр(1000x653)"
"Скидка 50% на детскую коллекцию";0;;0;;1;100;/modules/banners/config/demo/images/childsale.jpg;"Детская - центр(1600x533)"
"Новые товары для младенцев";0;;0;;1;100;/modules/banners/config/demo/images/baby.jpg;"Детская - центр(1600x533)"
